filename,words
sample_00000.jpg,түсте студент жазды.
sample_00001.jpg,кешке оқушы жазды.
sample_00002.jpg,Бүгін түсте дүкенде сөйледі.
sample_00003.jpg,кешке инженер сөйледі.
sample_00004.jpg,түнде оқушы ойнады.
sample_00005.jpg,кешке дәрігер сөйледі.
sample_00006.jpg,бар сен себебі олар мен ол біз және үлкен
sample_00007.jpg,түнде студент сөйледі.
sample_00008.jpg,қалада компьютерді жұмыс істеді.
sample_00009.jpg,дүкенде компьютерді сөйледі.
sample_00010.jpg,мектепте қаламды ойнады.
sample_00011.jpg,студент мектепте жазды компьютерді.
sample_00012.jpg,дүкенде қаламды жазды.
sample_00013.jpg,жаман бірақ әдемі жақсы
sample_00014.jpg,дәрігер паркте жұмыс істеді телефонды.
sample_00015.jpg,қажет біз немесе үлкен әдемі
sample_00016.jpg,оқушы үйде ойнады компьютерді.
sample_00017.jpg,түнде дәрігер ойнады.
sample_00018.jpg,таңертең студент жазды.
sample_00019.jpg,Бүгін түнде паркте жазды.
sample_00020.jpg,қалада компьютерді жұмыс істеді.
sample_00021.jpg,мұғалім паркте оқыды компьютерді.
sample_00022.jpg,Бүгін түнде паркте сөйледі.
sample_00023.jpg,мен жоқ сіз және әдемі сондықтан
sample_00024.jpg,Бүгін таңертең мектепте ойнады.
sample_00025.jpg,Бүгін түсте қалада сөйледі.
sample_00026.jpg,студент мектепте жазды телефонды.
sample_00027.jpg,дүкенде компьютерді ойнады.
sample_00028.jpg,инженер үйде оқыды кітапты.
sample_00029.jpg,Бүгін түнде дүкенде жазды.
sample_00030.jpg,мұғалім дүкенде жазды кітапты.
sample_00031.jpg,таңертең студент оқыды.
sample_00032.jpg,түнде студент сөйледі.
sample_00033.jpg,паркте компьютерді жұмыс істеді.
sample_00034.jpg,керек сен жаман біз ол сондықтан бар сіз мен
sample_00035.jpg,бірақ жоқ ол мен бар сіз себебі жақсы қажет
sample_00036.jpg,студент мектепте жұмыс істеді кітапты.
sample_00037.jpg,біз жоқ болады ол қажет немесе мен жаман және әдемі
sample_00038.jpg,дәрігер үйде ойнады кітапты.
sample_00039.jpg,олар сондықтан кіші үлкен жоқ біз себебі қажет
sample_00040.jpg,ол сен жоқ үлкен жаман
sample_00041.jpg,түсте мұғалім ойнады.
sample_00042.jpg,Бүгін кешке мектепте жазды.
sample_00043.jpg,түсте оқушы ойнады.
sample_00044.jpg,түнде студент оқыды.
sample_00045.jpg,мектепте кітапты оқыды.
sample_00046.jpg,инженер қалада сөйледі қаламды.
sample_00047.jpg,мұғалім мектепте жұмыс істеді кітапты.
sample_00048.jpg,қалада кітапты сөйледі.
sample_00049.jpg,бар мен болады
sample_00050.jpg,мектепте қаламды оқыды.
sample_00051.jpg,дүкенде телефонды жұмыс істеді.
sample_00052.jpg,паркте кітапты оқыды.
sample_00053.jpg,немесе қажет ол сен біз кіші және жақсы бар олар
sample_00054.jpg,қалада телефонды жұмыс істеді.
sample_00055.jpg,түсте оқушы жұмыс істеді.
sample_00056.jpg,паркте кітапты оқыды.
sample_00057.jpg,әдемі жоқ үлкен
sample_00058.jpg,түсте дәрігер оқыды.
sample_00059.jpg,Бүгін таңертең паркте ойнады.
sample_00060.jpg,инженер қалада ойнады кітапты.
sample_00061.jpg,әдемі керек жаман ол немесе бірақ сіз
sample_00062.jpg,себебі кіші әдемі
sample_00063.jpg,немесе әдемі бірақ
sample_00064.jpg,әдемі мен сіз олар үлкен біз
sample_00065.jpg,түнде студент ойнады.
sample_00066.jpg,Бүгін кешке паркте сөйледі.
sample_00067.jpg,Бүгін түсте паркте оқыды.
sample_00068.jpg,Бүгін түнде қалада оқыды.
sample_00069.jpg,мектепте кітапты оқыды.
sample_00070.jpg,мұғалім қалада оқыды компьютерді.
sample_00071.jpg,қалада кітапты жазды.
sample_00072.jpg,дәрігер дүкенде сөйледі кітапты.
sample_00073.jpg,таңертең мұғалім ойнады.
sample_00074.jpg,оқушы мектепте оқыды кітапты.
sample_00075.jpg,олар бар ол біз жоқ және болады мен
sample_00076.jpg,Бүгін кешке қалада сөйледі.
sample_00077.jpg,сондықтан керек үлкен біз әдемі ол жоқ сіз
sample_00078.jpg,Бүгін кешке үйде оқыды.
sample_00079.jpg,Бүгін кешке қалада жазды.
sample_00080.jpg,сен әдемі немесе олар және себебі болады мен
sample_00081.jpg,кешке студент сөйледі.
sample_00082.jpg,дәрігер мектепте жазды компьютерді.
sample_00083.jpg,Бүгін түсте үйде сөйледі.
sample_00084.jpg,қалада кітапты сөйледі.
sample_00085.jpg,дәрігер үйде сөйледі кітапты.
sample_00086.jpg,мұғалім үйде оқыды кітапты.
sample_00087.jpg,инженер паркте сөйледі қаламды.
sample_00088.jpg,үйде компьютерді жазды.
sample_00089.jpg,түсте оқушы жұмыс істеді.
sample_00090.jpg,қажет біз жақсы және жаман бар сіз бірақ
sample_00091.jpg,таңертең студент оқыды.
sample_00092.jpg,Бүгін кешке мектепте оқыды.
sample_00093.jpg,ол бірақ сен бар біз мен керек сіз және олар
sample_00094.jpg,инженер мектепте сөйледі телефонды.
sample_00095.jpg,дәрігер мектепте жұмыс істеді компьютерді.
sample_00096.jpg,сен немесе бірақ жоқ ол себебі сондықтан бар олар
sample_00097.jpg,түсте дәрігер оқыды.
sample_00098.jpg,мұғалім дүкенде сөйледі кітапты.
sample_00099.jpg,жоқ болады қажет бар бірақ
sample_00100.jpg,үлкен жаман олар бірақ керек бар
sample_00101.jpg,дүкенде қаламды сөйледі.
sample_00102.jpg,түсте инженер жазды.
sample_00103.jpg,дүкенде кітапты жазды.
sample_00104.jpg,оқушы дүкенде оқыды кітапты.
sample_00105.jpg,дәрігер мектепте сөйледі қаламды.
sample_00106.jpg,немесе жаман әдемі жоқ болады жақсы ол бар себебі
sample_00107.jpg,түнде инженер оқыды.
sample_00108.jpg,дүкенде телефонды жұмыс істеді.
sample_00109.jpg,түнде дәрігер ойнады.
sample_00110.jpg,таңертең дәрігер жазды.
sample_00111.jpg,Бүгін кешке паркте ойнады.
sample_00112.jpg,керек сен жаман себебі болады
sample_00113.jpg,жоқ олар жаман
sample_00114.jpg,мектепте телефонды оқыды.
sample_00115.jpg,мен әдемі кіші жақсы немесе олар біз
sample_00116.jpg,жоқ себебі керек болады үлкен немесе сіз
sample_00117.jpg,Бүгін таңертең мектепте жазды.
sample_00118.jpg,немесе олар сіз бірақ ол
sample_00119.jpg,мен сондықтан біз
sample_00120.jpg,түсте инженер сөйледі.
sample_00121.jpg,паркте телефонды жұмыс істеді.
sample_00122.jpg,қалада қаламды оқыды.
sample_00123.jpg,Бүгін таңертең паркте жазды.
sample_00124.jpg,әдемі керек сіз немесе ол
sample_00125.jpg,Бүгін кешке мектепте жазды.
sample_00126.jpg,дәрігер дүкенде жазды қаламды.
sample_00127.jpg,дәрігер паркте жазды телефонды.
sample_00128.jpg,студент қалада жұмыс істеді кітапты.
sample_00129.jpg,оқушы дүкенде оқыды телефонды.
sample_00130.jpg,кешке студент жұмыс істеді.
sample_00131.jpg,бірақ керек себебі мен және кіші олар ол қажет сіз
sample_00132.jpg,сондықтан керек жаман жоқ себебі кіші әдемі біз
sample_00133.jpg,керек қажет болады жоқ және кіші әдемі бірақ
sample_00134.jpg,Бүгін таңертең паркте жұмыс істеді.
sample_00135.jpg,дүкенде телефонды сөйледі.
sample_00136.jpg,болады олар қажет
sample_00137.jpg,таңертең оқушы жазды.
sample_00138.jpg,Бүгін таңертең үйде жазды.
sample_00139.jpg,түсте студент ойнады.
sample_00140.jpg,Бүгін түсте паркте сөйледі.
sample_00141.jpg,таңертең инженер сөйледі.
sample_00142.jpg,себебі жоқ қажет сондықтан мен болады керек
sample_00143.jpg,ол жаман олар сіз біз сондықтан болады бар мен
sample_00144.jpg,мектепте компьютерді оқыды.
sample_00145.jpg,жақсы сіз үлкен мен болады немесе қажет бар
sample_00146.jpg,инженер паркте сөйледі компьютерді.
sample_00147.jpg,мұғалім паркте жазды телефонды.
sample_00148.jpg,Бүгін түсте үйде жазды.
sample_00149.jpg,қажет және жаман
sample_00150.jpg,кешке дәрігер жазды.
sample_00151.jpg,Бүгін таңертең үйде оқыды.
sample_00152.jpg,ол әдемі қажет сен керек олар
sample_00153.jpg,түнде оқушы сөйледі.
sample_00154.jpg,таңертең инженер сөйледі.
sample_00155.jpg,дүкенде кітапты жазды.
sample_00156.jpg,бар біз себебі және болады сондықтан ол
sample_00157.jpg,студент мектепте сөйледі кітапты.
sample_00158.jpg,таңертең инженер сөйледі.
sample_00159.jpg,Бүгін түнде дүкенде жазды.
sample_00160.jpg,түсте студент жазды.
sample_00161.jpg,керек бірақ қажет үлкен әдемі немесе
sample_00162.jpg,Бүгін кешке мектепте ойнады.
sample_00163.jpg,қажет болады мен немесе олар керек жақсы әдемі бар кіші
sample_00164.jpg,олар бірақ мен себебі болады жаман
sample_00165.jpg,бірақ қажет жақсы
sample_00166.jpg,бірақ әдемі жаман бар себебі сіз сондықтан сен болады керек
sample_00167.jpg,Бүгін таңертең үйде жазды.
sample_00168.jpg,түнде дәрігер жазды.
sample_00169.jpg,бар сондықтан мен немесе сен
sample_00170.jpg,керек себебі сондықтан болады
sample_00171.jpg,мектепте компьютерді жұмыс істеді.
sample_00172.jpg,Бүгін түнде қалада сөйледі.
sample_00173.jpg,дүкенде компьютерді сөйледі.
sample_00174.jpg,дәрігер паркте оқыды компьютерді.
sample_00175.jpg,жақсы немесе сен болады сондықтан әдемі бірақ
sample_00176.jpg,Бүгін түнде үйде сөйледі.
sample_00177.jpg,кешке мұғалім оқыды.
sample_00178.jpg,паркте компьютерді жазды.
sample_00179.jpg,түнде оқушы жұмыс істеді.
sample_00180.jpg,қалада кітапты жазды.
sample_00181.jpg,түсте студент оқыды.
sample_00182.jpg,түсте студент жазды.
sample_00183.jpg,паркте телефонды ойнады.
sample_00184.jpg,керек және олар сіз сондықтан ол себебі
sample_00185.jpg,қажет ол сондықтан әдемі
sample_00186.jpg,бірақ керек жоқ әдемі ол қажет мен
sample_00187.jpg,мен қажет сондықтан керек немесе бірақ біз олар ол үлкен
sample_00188.jpg,Бүгін түсте паркте ойнады.
sample_00189.jpg,Бүгін түнде үйде сөйледі.
sample_00190.jpg,мұғалім үйде жазды телефонды.
sample_00191.jpg,керек және себебі болады
sample_00192.jpg,немесе және сен
sample_00193.jpg,кешке студент оқыды.
sample_00194.jpg,Бүгін кешке үйде оқыды.
sample_00195.jpg,қалада компьютерді оқыды.
sample_00196.jpg,жаман сен жақсы болады әдемі кіші себебі сіз біз жоқ
sample_00197.jpg,ол сондықтан бар және керек
sample_00198.jpg,Бүгін түсте дүкенде оқыды.
sample_00199.jpg,олар және жоқ бірақ кіші сіз әдемі ол біз
sample_00200.jpg,бар ол сондықтан сіз кіші олар
sample_00201.jpg,үйде қаламды оқыды.
sample_00202.jpg,таңертең студент ойнады.
sample_00203.jpg,дүкенде компьютерді жазды.
sample_00204.jpg,паркте компьютерді сөйледі.
sample_00205.jpg,дәрігер мектепте оқыды компьютерді.
sample_00206.jpg,таңертең оқушы жазды.
sample_00207.jpg,студент мектепте сөйледі қаламды.
sample_00208.jpg,үйде компьютерді оқыды.
sample_00209.jpg,кешке мұғалім жазды.
sample_00210.jpg,және болады жақсы немесе сондықтан
sample_00211.jpg,түнде дәрігер сөйледі.
sample_00212.jpg,кешке дәрігер жазды.
sample_00213.jpg,түнде инженер жұмыс істеді.
sample_00214.jpg,сондықтан мен әдемі үлкен
sample_00215.jpg,кешке оқушы оқыды.
sample_00216.jpg,үлкен жақсы себебі біз бірақ және
sample_00217.jpg,түнде инженер оқыды.
sample_00218.jpg,кешке инженер оқыды.
sample_00219.jpg,үлкен ол жаман әдемі бірақ бар
sample_00220.jpg,Бүгін кешке үйде оқыды.
sample_00221.jpg,жақсы және кіші бірақ біз сен ол
sample_00222.jpg,бірақ кіші сіз сен сондықтан жаман қажет
sample_00223.jpg,дүкенде кітапты оқыды.
sample_00224.jpg,Бүгін таңертең қалада жазды.
sample_00225.jpg,дәрігер қалада ойнады телефонды.
sample_00226.jpg,қажет ол немесе болады керек мен бірақ сен
sample_00227.jpg,сондықтан сен мен керек
sample_00228.jpg,Бүгін түнде қалада жұмыс істеді.
sample_00229.jpg,қажет бірақ кіші біз керек мен жаман
sample_00230.jpg,қалада компьютерді ойнады.
sample_00231.jpg,мектепте телефонды жазды.
sample_00232.jpg,Бүгін таңертең үйде оқыды.
sample_00233.jpg,Бүгін түсте үйде жазды.
sample_00234.jpg,мен біз немесе қажет себебі кіші
sample_00235.jpg,үйде қаламды жазды.
sample_00236.jpg,кешке оқушы ойнады.
sample_00237.jpg,дүкенде кітапты ойнады.
sample_00238.jpg,Бүгін таңертең мектепте сөйледі.
sample_00239.jpg,үйде кітапты сөйледі.
sample_00240.jpg,мұғалім дүкенде жұмыс істеді компьютерді.
sample_00241.jpg,олар немесе сіз керек болады біз жаман жоқ бірақ
sample_00242.jpg,паркте қаламды жұмыс істеді.
sample_00243.jpg,инженер қалада жұмыс істеді компьютерді.
sample_00244.jpg,бар әдемі болады мен сіз үлкен
sample_00245.jpg,жақсы немесе болады сен бар мен
sample_00246.jpg,болады сондықтан кіші әдемі сіз
sample_00247.jpg,әдемі біз себебі олар жаман
sample_00248.jpg,таңертең инженер сөйледі.
sample_00249.jpg,дүкенде телефонды сөйледі.
sample_00250.jpg,дәрігер мектепте ойнады компьютерді.
sample_00251.jpg,бар немесе мен
sample_00252.jpg,паркте кітапты жұмыс істеді.
sample_00253.jpg,Бүгін таңертең мектепте жұмыс істеді.
sample_00254.jpg,және ол біз жоқ бар жақсы кіші себебі бірақ немесе
sample_00255.jpg,сіз кіші сондықтан сен болады қажет бар біз
sample_00256.jpg,таңертең студент жазды.
sample_00257.jpg,Бүгін таңертең мектепте оқыды.
sample_00258.jpg,ол сондықтан себебі әдемі жоқ үлкен қажет керек олар бар
sample_00259.jpg,әдемі үлкен жоқ бар бірақ сондықтан немесе
sample_00260.jpg,оқушы үйде жазды қаламды.
sample_00261.jpg,мектепте кітапты жұмыс істеді.
sample_00262.jpg,үйде қаламды жұмыс істеді.
sample_00263.jpg,кіші немесе ол бар әдемі себебі керек біз
sample_00264.jpg,біз немесе мен және
sample_00265.jpg,қажет біз олар себебі
sample_00266.jpg,қалада компьютерді сөйледі.
sample_00267.jpg,Бүгін таңертең паркте оқыды.
sample_00268.jpg,жақсы жоқ үлкен бірақ бар қажет
sample_00269.jpg,таңертең дәрігер жазды.
sample_00270.jpg,кешке мұғалім сөйледі.
sample_00271.jpg,Бүгін түнде үйде оқыды.
sample_00272.jpg,бірақ олар керек үлкен жақсы
sample_00273.jpg,жақсы олар үлкен себебі болады біз немесе
sample_00274.jpg,жақсы болады кіші
sample_00275.jpg,мен сен бар сіз ол жаман және кіші
sample_00276.jpg,себебі олар әдемі жақсы кіші сіз ол болады және
sample_00277.jpg,мен жоқ бірақ немесе кіші үлкен және керек жаман болады
sample_00278.jpg,үлкен әдемі сен бірақ болады жаман және немесе жақсы олар
sample_00279.jpg,Бүгін кешке дүкенде ойнады.
sample_00280.jpg,түнде оқушы жұмыс істеді.
sample_00281.jpg,дүкенде кітапты жазды.
sample_00282.jpg,паркте кітапты ойнады.
sample_00283.jpg,олар қажет жоқ мен бар болады ол сен
sample_00284.jpg,біз болады кіші немесе
sample_00285.jpg,кешке мұғалім оқыды.
sample_00286.jpg,үлкен болады жоқ жақсы біз
sample_00287.jpg,инженер дүкенде жазды компьютерді.
sample_00288.jpg,дүкенде кітапты сөйледі.
sample_00289.jpg,қажет біз үлкен
sample_00290.jpg,ол бірақ сен және
sample_00291.jpg,паркте қаламды жазды.
sample_00292.jpg,дәрігер қалада жұмыс істеді кітапты.
sample_00293.jpg,кіші олар қажет сондықтан
sample_00294.jpg,мұғалім қалада жазды телефонды.
sample_00295.jpg,түсте студент жұмыс істеді.
sample_00296.jpg,бірақ жоқ себебі керек әдемі
sample_00297.jpg,себебі бірақ мен
sample_00298.jpg,мектепте кітапты жазды.
sample_00299.jpg,үйде қаламды сөйледі.
sample_00300.jpg,түсте инженер сөйледі.
sample_00301.jpg,инженер паркте жазды қаламды.
sample_00302.jpg,үйде компьютерді сөйледі.
sample_00303.jpg,таңертең инженер сөйледі.
sample_00304.jpg,қажет жоқ және болады немесе бар үлкен керек сен
sample_00305.jpg,түсте студент сөйледі.
sample_00306.jpg,инженер қалада ойнады кітапты.
sample_00307.jpg,сіз біз бірақ сондықтан керек жаман себебі сен
sample_00308.jpg,қалада телефонды жұмыс істеді.
sample_00309.jpg,біз ол бар болады немесе мен және
sample_00310.jpg,мұғалім дүкенде жазды кітапты.
sample_00311.jpg,қажет кіші біз керек
sample_00312.jpg,керек бар олар кіші себебі сен немесе болады
sample_00313.jpg,дүкенде кітапты оқыды.
sample_00314.jpg,оқушы қалада жұмыс істеді кітапты.
sample_00315.jpg,сен олар жоқ жаман бар сіз және керек себебі кіші
sample_00316.jpg,үйде қаламды жазды.
sample_00317.jpg,Бүгін кешке қалада жазды.
sample_00318.jpg,Бүгін түсте үйде ойнады.
sample_00319.jpg,студент мектепте сөйледі компьютерді.
sample_00320.jpg,және біз жақсы сондықтан мен әдемі бірақ
sample_00321.jpg,дүкенде компьютерді жазды.
sample_00322.jpg,дүкенде телефонды сөйледі.
sample_00323.jpg,үйде телефонды жұмыс істеді.
sample_00324.jpg,Бүгін түсте мектепте жазды.
sample_00325.jpg,таңертең дәрігер ойнады.
sample_00326.jpg,және әдемі үлкен ол болады кіші
sample_00327.jpg,сондықтан олар сіз себебі үлкен мен бірақ бар
sample_00328.jpg,үлкен әдемі ол
sample_00329.jpg,студент дүкенде оқыды қаламды.
sample_00330.jpg,Бүгін таңертең дүкенде ойнады.
sample_00331.jpg,инженер мектепте жазды қаламды.
sample_00332.jpg,дәрігер паркте сөйледі кітапты.
sample_00333.jpg,инженер дүкенде жазды кітапты.
sample_00334.jpg,жақсы немесе және мен үлкен біз әдемі
sample_00335.jpg,Бүгін таңертең паркте жазды.
sample_00336.jpg,мектепте компьютерді оқыды.
sample_00337.jpg,оқушы қалада оқыды компьютерді.
sample_00338.jpg,бірақ мен үлкен жақсы жаман
sample_00339.jpg,мұғалім дүкенде ойнады телефонды.
sample_00340.jpg,мектепте кітапты ойнады.
sample_00341.jpg,студент паркте ойнады қаламды.
sample_00342.jpg,мектепте компьютерді сөйледі.
sample_00343.jpg,түнде студент оқыды.
sample_00344.jpg,сондықтан жаман керек мен әдемі ол
sample_00345.jpg,Бүгін түсте дүкенде жазды.
sample_00346.jpg,және олар бірақ сондықтан мен кіші әдемі жақсы біз ол
sample_00347.jpg,үлкен себебі және жаман сіз
sample_00348.jpg,ол кіші себебі жақсы бірақ жоқ
sample_00349.jpg,сондықтан сіз немесе
sample_00350.jpg,бар қажет және жоқ үлкен
sample_00351.jpg,болады және немесе олар мен үлкен
sample_00352.jpg,оқушы мектепте жұмыс істеді компьютерді.
sample_00353.jpg,мұғалім дүкенде жұмыс істеді қаламды.
sample_00354.jpg,кешке студент жазды.
sample_00355.jpg,қалада кітапты ойнады.
sample_00356.jpg,кіші және үлкен сен бірақ олар сондықтан
sample_00357.jpg,сен үлкен себебі жоқ керек сіз сондықтан мен бар
sample_00358.jpg,үйде компьютерді сөйледі.
sample_00359.jpg,мұғалім мектепте оқыды кітапты.
sample_00360.jpg,мектепте телефонды оқыды.
sample_00361.jpg,Бүгін таңертең үйде оқыды.
sample_00362.jpg,инженер дүкенде оқыды телефонды.
sample_00363.jpg,бірақ ол біз
sample_00364.jpg,түсте студент сөйледі.
sample_00365.jpg,керек болады қажет жаман әдемі сен сондықтан
sample_00366.jpg,дүкенде кітапты ойнады.
sample_00367.jpg,дүкенде қаламды ойнады.
sample_00368.jpg,түсте мұғалім ойнады.
sample_00369.jpg,Бүгін түсте паркте жазды.
sample_00370.jpg,сондықтан біз және жақсы мен себебі болады
sample_00371.jpg,Бүгін таңертең қалада жұмыс істеді.
sample_00372.jpg,әдемі сен үлкен болады олар және сіз қажет жоқ жақсы
sample_00373.jpg,біз немесе сондықтан үлкен
sample_00374.jpg,Бүгін түсте дүкенде сөйледі.
sample_00375.jpg,қажет мен болады бірақ сіз немесе олар кіші бар
sample_00376.jpg,паркте компьютерді жазды.
sample_00377.jpg,Бүгін кешке паркте жазды.
sample_00378.jpg,Бүгін таңертең мектепте жазды.
sample_00379.jpg,бірақ жаман қажет жақсы ол біз керек болады сен сіз
sample_00380.jpg,паркте қаламды сөйледі.
sample_00381.jpg,Бүгін түсте үйде жазды.
sample_00382.jpg,кешке дәрігер оқыды.
sample_00383.jpg,жақсы жоқ себебі біз
sample_00384.jpg,мұғалім дүкенде сөйледі компьютерді.
sample_00385.jpg,Бүгін таңертең қалада оқыды.
sample_00386.jpg,жақсы сен және сіз бірақ қажет мен бар
sample_00387.jpg,таңертең мұғалім жұмыс істеді.
sample_00388.jpg,таңертең оқушы жазды.
sample_00389.jpg,кіші жақсы сіз жаман
sample_00390.jpg,үйде телефонды сөйледі.
sample_00391.jpg,мен сен бірақ сіз жоқ олар жаман және
sample_00392.jpg,керек ол болады қажет себебі олар
sample_00393.jpg,біз үлкен және әдемі сіз болады қажет мен жаман
sample_00394.jpg,таңертең дәрігер сөйледі.
sample_00395.jpg,сен және сіз үлкен сондықтан жақсы қажет
sample_00396.jpg,жақсы ол бар сен сіз олар кіші мен қажет
sample_00397.jpg,Бүгін таңертең мектепте жұмыс істеді.
sample_00398.jpg,мұғалім қалада жазды кітапты.
sample_00399.jpg,үйде қаламды сөйледі.
sample_00400.jpg,үйде телефонды сөйледі.
sample_00401.jpg,Бүгін таңертең қалада жұмыс істеді.
sample_00402.jpg,қажет сіз әдемі керек ол бірақ
sample_00403.jpg,үлкен мен қажет
sample_00404.jpg,паркте компьютерді ойнады.
sample_00405.jpg,кешке дәрігер жұмыс істеді.
sample_00406.jpg,мұғалім дүкенде сөйледі телефонды.
sample_00407.jpg,мұғалім паркте ойнады кітапты.
sample_00408.jpg,студент үйде сөйледі қаламды.
sample_00409.jpg,немесе мен кіші сондықтан бірақ және
sample_00410.jpg,оқушы паркте жұмыс істеді кітапты.
sample_00411.jpg,түсте мұғалім оқыды.
sample_00412.jpg,кешке оқушы жазды.
sample_00413.jpg,сіз қажет әдемі болады
sample_00414.jpg,инженер қалада оқыды компьютерді.
sample_00415.jpg,болады әдемі жаман жоқ себебі кіші
sample_00416.jpg,мектепте телефонды оқыды.
sample_00417.jpg,бірақ әдемі жоқ бар себебі мен немесе
sample_00418.jpg,студент үйде жұмыс істеді компьютерді.
sample_00419.jpg,оқушы дүкенде жазды қаламды.
sample_00420.jpg,түсте оқушы жазды.
sample_00421.jpg,мектепте қаламды оқыды.
sample_00422.jpg,таңертең дәрігер жұмыс істеді.
sample_00423.jpg,әдемі олар керек мен жақсы біз кіші себебі
sample_00424.jpg,Бүгін таңертең паркте ойнады.
sample_00425.jpg,Бүгін түсте паркте сөйледі.
sample_00426.jpg,әдемі жаман үлкен біз және немесе
sample_00427.jpg,инженер үйде сөйледі кітапты.
sample_00428.jpg,үйде кітапты жұмыс істеді.
sample_00429.jpg,мұғалім дүкенде жазды телефонды.
sample_00430.jpg,студент дүкенде сөйледі телефонды.
sample_00431.jpg,кешке студент жазды.
sample_00432.jpg,таңертең студент сөйледі.
sample_00433.jpg,Бүгін түнде мектепте ойнады.
sample_00434.jpg,Бүгін түнде паркте жазды.
sample_00435.jpg,олар бар кіші сен мен бірақ себебі жаман және
sample_00436.jpg,үйде кітапты сөйледі.
sample_00437.jpg,түсте оқушы жұмыс істеді.
sample_00438.jpg,және бірақ бар жоқ олар сен себебі
sample_00439.jpg,мұғалім мектепте сөйледі телефонды.
sample_00440.jpg,дүкенде компьютерді жұмыс істеді.
sample_00441.jpg,Бүгін кешке мектепте сөйледі.
sample_00442.jpg,ол сондықтан мен сен кіші үлкен жаман біз бірақ
sample_00443.jpg,Бүгін түсте қалада ойнады.
sample_00444.jpg,әдемі қажет ол сондықтан сіз немесе бар жақсы
sample_00445.jpg,түнде инженер оқыды.
sample_00446.jpg,мектепте телефонды жазды.
sample_00447.jpg,және жаман олар керек әдемі немесе ол
sample_00448.jpg,дүкенде телефонды жұмыс істеді.
sample_00449.jpg,үйде қаламды сөйледі.
sample_00450.jpg,оқушы үйде жазды компьютерді.
sample_00451.jpg,инженер дүкенде оқыды телефонды.
sample_00452.jpg,Бүгін кешке үйде жазды.
sample_00453.jpg,сіз жоқ сондықтан және үлкен
sample_00454.jpg,дүкенде кітапты ойнады.
sample_00455.jpg,Бүгін түсте дүкенде сөйледі.
sample_00456.jpg,дүкенде кітапты оқыды.
sample_00457.jpg,қалада телефонды жұмыс істеді.
sample_00458.jpg,сіз үлкен жоқ
sample_00459.jpg,және ол жаман
sample_00460.jpg,Бүгін кешке паркте оқыды.
sample_00461.jpg,жақсы және бірақ кіші үлкен
sample_00462.jpg,болады олар жақсы жоқ және бар бірақ үлкен қажет
sample_00463.jpg,үйде кітапты жұмыс істеді.
sample_00464.jpg,оқушы қалада ойнады кітапты.
sample_00465.jpg,оқушы үйде ойнады кітапты.
sample_00466.jpg,қалада компьютерді оқыды.
sample_00467.jpg,жақсы біз қажет жаман олар
sample_00468.jpg,себебі жаман жоқ
sample_00469.jpg,мұғалім паркте жұмыс істеді телефонды.
sample_00470.jpg,Бүгін түнде қалада ойнады.
sample_00471.jpg,үйде кітапты жазды.
sample_00472.jpg,сондықтан олар әдемі болады жақсы жаман жоқ сен кіші мен
sample_00473.jpg,сен немесе жоқ бірақ және біз олар керек үлкен
sample_00474.jpg,сен олар мен және біз үлкен немесе қажет ол бірақ
sample_00475.jpg,себебі немесе сен
sample_00476.jpg,кешке инженер оқыды.
sample_00477.jpg,студент паркте оқыды компьютерді.
sample_00478.jpg,сондықтан бар жақсы қажет бірақ мен себебі сен әдемі
sample_00479.jpg,түнде дәрігер жұмыс істеді.
sample_00480.jpg,Бүгін түсте мектепте жазды.
sample_00481.jpg,дәрігер мектепте оқыды компьютерді.
sample_00482.jpg,ол жоқ мен сен үлкен себебі және
sample_00483.jpg,инженер үйде оқыды телефонды.
sample_00484.jpg,Бүгін түнде қалада жазды.
sample_00485.jpg,болады жаман сен ол мен сіз себебі
sample_00486.jpg,мен себебі бар жақсы сіз әдемі біз ол
sample_00487.jpg,паркте телефонды оқыды.
sample_00488.jpg,таңертең дәрігер сөйледі.
sample_00489.jpg,түсте оқушы жұмыс істеді.
sample_00490.jpg,Бүгін түнде мектепте ойнады.
sample_00491.jpg,түсте студент жұмыс істеді.
sample_00492.jpg,мектепте қаламды жазды.
sample_00493.jpg,себебі керек қажет болады жақсы бар
sample_00494.jpg,немесе үлкен жақсы мен
sample_00495.jpg,дүкенде кітапты оқыды.
sample_00496.jpg,инженер мектепте жазды компьютерді.
sample_00497.jpg,Бүгін кешке қалада жазды.
sample_00498.jpg,Бүгін таңертең қалада ойнады.
sample_00499.jpg,сіз жаман мен немесе жоқ үлкен керек кіші
sample_00500.jpg,сіз олар сен үлкен жақсы
sample_00501.jpg,Бүгін таңертең дүкенде оқыды.
sample_00502.jpg,немесе бар сіз әдемі мен үлкен себебі жоқ ол керек
sample_00503.jpg,жоқ әдемі және жаман ол сондықтан бірақ сен
sample_00504.jpg,Бүгін кешке үйде оқыды.
sample_00505.jpg,Бүгін түсте дүкенде ойнады.
sample_00506.jpg,ол біз мен себебі жақсы болады әдемі сондықтан
sample_00507.jpg,қажет әдемі олар
sample_00508.jpg,таңертең студент жұмыс істеді.
sample_00509.jpg,әдемі біз мен сен себебі
sample_00510.jpg,мұғалім үйде оқыды телефонды.
sample_00511.jpg,кешке студент ойнады.
sample_00512.jpg,инженер дүкенде сөйледі қаламды.
sample_00513.jpg,сондықтан ол жаман біз мен сен сіз
sample_00514.jpg,түнде студент оқыды.
sample_00515.jpg,және жаман жақсы кіші жоқ керек себебі
sample_00516.jpg,керек бар олар сондықтан және бірақ үлкен
sample_00517.jpg,үйде қаламды жазды.
sample_00518.jpg,Бүгін кешке паркте жұмыс істеді.
sample_00519.jpg,мұғалім дүкенде ойнады телефонды.
sample_00520.jpg,мұғалім қалада сөйледі қаламды.
sample_00521.jpg,кіші болады себебі бар сондықтан
sample_00522.jpg,бірақ үлкен және
sample_00523.jpg,студент үйде жұмыс істеді компьютерді.
sample_00524.jpg,түнде инженер жұмыс істеді.
sample_00525.jpg,Бүгін кешке мектепте жазды.
sample_00526.jpg,паркте телефонды ойнады.
sample_00527.jpg,түнде оқушы жұмыс істеді.
sample_00528.jpg,үйде кітапты жазды.
sample_00529.jpg,дүкенде қаламды ойнады.
sample_00530.jpg,оқушы паркте сөйледі телефонды.
sample_00531.jpg,оқушы қалада жұмыс істеді кітапты.
sample_00532.jpg,Бүгін түсте үйде ойнады.
sample_00533.jpg,дүкенде қаламды жұмыс істеді.
sample_00534.jpg,Бүгін түсте мектепте жазды.
sample_00535.jpg,Бүгін таңертең мектепте оқыды.
sample_00536.jpg,үйде қаламды жұмыс істеді.
sample_00537.jpg,түнде дәрігер ойнады.
sample_00538.jpg,дәрігер мектепте оқыды компьютерді.
sample_00539.jpg,мұғалім үйде жұмыс істеді телефонды.
sample_00540.jpg,және олар сіз әдемі үлкен жақсы болады
sample_00541.jpg,ол керек кіші сондықтан үлкен
sample_00542.jpg,сондықтан жоқ керек жақсы
sample_00543.jpg,студент үйде жұмыс істеді қаламды.
sample_00544.jpg,мен жаман кіші біз сіз
sample_00545.jpg,мұғалім мектепте сөйледі қаламды.
sample_00546.jpg,себебі мен бар сіз жаман сондықтан жоқ ол қажет
sample_00547.jpg,студент мектепте жұмыс істеді қаламды.
sample_00548.jpg,Бүгін кешке дүкенде жұмыс істеді.
sample_00549.jpg,инженер паркте сөйледі телефонды.
sample_00550.jpg,оқушы дүкенде оқыды кітапты.
sample_00551.jpg,себебі болады немесе қажет кіші жаман ол бар сондықтан және
sample_00552.jpg,немесе мен ол жақсы бірақ болады сондықтан
sample_00553.jpg,жоқ мен біз жаман және бірақ сен сондықтан
sample_00554.jpg,мектепте телефонды оқыды.
sample_00555.jpg,олар кіші үлкен
sample_00556.jpg,Бүгін түнде мектепте сөйледі.
sample_00557.jpg,мұғалім қалада жазды телефонды.
sample_00558.jpg,таңертең оқушы жазды.
sample_00559.jpg,қалада қаламды жұмыс істеді.
sample_00560.jpg,қалада компьютерді ойнады.
sample_00561.jpg,мұғалім үйде ойнады телефонды.
sample_00562.jpg,болады бар ол кіші бірақ жақсы
sample_00563.jpg,түсте студент сөйледі.
sample_00564.jpg,үйде қаламды жазды.
sample_00565.jpg,Бүгін кешке дүкенде сөйледі.
sample_00566.jpg,бар біз сен жақсы
sample_00567.jpg,дәрігер үйде оқыды кітапты.
sample_00568.jpg,және жаман олар жақсы
sample_00569.jpg,түнде студент жазды.
sample_00570.jpg,Бүгін кешке паркте ойнады.
sample_00571.jpg,кешке студент сөйледі.
sample_00572.jpg,дәрігер паркте сөйледі компьютерді.
sample_00573.jpg,мұғалім үйде жазды кітапты.
sample_00574.jpg,Бүгін түнде паркте оқыды.
sample_00575.jpg,керек мен сен сондықтан әдемі
sample_00576.jpg,үйде компьютерді жазды.
sample_00577.jpg,жақсы және олар ол немесе
sample_00578.jpg,бар сіз олар
sample_00579.jpg,Бүгін кешке мектепте оқыды.
sample_00580.jpg,мұғалім мектепте ойнады компьютерді.
sample_00581.jpg,олар қажет кіші немесе сіз жақсы жоқ сондықтан және
sample_00582.jpg,түсте оқушы жазды.
sample_00583.jpg,таңертең инженер оқыды.
sample_00584.jpg,сондықтан болады қажет жаман бірақ әдемі
sample_00585.jpg,сондықтан бар бірақ мен болады
sample_00586.jpg,мектепте телефонды жұмыс істеді.
sample_00587.jpg,қалада кітапты ойнады.
sample_00588.jpg,Бүгін түсте паркте сөйледі.
sample_00589.jpg,кешке мұғалім сөйледі.
sample_00590.jpg,оқушы қалада жұмыс істеді қаламды.
sample_00591.jpg,жаман қажет сен себебі
sample_00592.jpg,мен керек қажет сіз бірақ кіші
sample_00593.jpg,оқушы паркте жазды қаламды.
sample_00594.jpg,керек үлкен олар ол бірақ болады сен жақсы қажет немесе
sample_00595.jpg,қажет олар бірақ сондықтан себебі мен жақсы әдемі сіз
sample_00596.jpg,Бүгін түсте мектепте сөйледі.
sample_00597.jpg,бар біз қажет керек жақсы сен мен жаман сіз
sample_00598.jpg,Бүгін түнде мектепте ойнады.
sample_00599.jpg,дүкенде кітапты ойнады.
sample_00600.jpg,жаман әдемі мен немесе
sample_00601.jpg,кіші ол бар әдемі керек бірақ болады
sample_00602.jpg,оқушы қалада сөйледі қаламды.
sample_00603.jpg,ол сіз үлкен
sample_00604.jpg,жоқ керек қажет бірақ болады әдемі
sample_00605.jpg,түнде мұғалім жазды.
sample_00606.jpg,таңертең оқушы жазды.
sample_00607.jpg,Бүгін түсте үйде оқыды.
sample_00608.jpg,таңертең мұғалім оқыды.
sample_00609.jpg,Бүгін түнде паркте оқыды.
sample_00610.jpg,мұғалім үйде ойнады компьютерді.
sample_00611.jpg,үлкен мен ол немесе олар әдемі біз
sample_00612.jpg,түсте студент ойнады.
sample_00613.jpg,мектепте компьютерді жазды.
sample_00614.jpg,қажет және сондықтан
sample_00615.jpg,Бүгін кешке мектепте жұмыс істеді.
sample_00616.jpg,және ол жаман
sample_00617.jpg,бар бірақ қажет сіз
sample_00618.jpg,ол бірақ жақсы қажет біз әдемі керек
sample_00619.jpg,бірақ олар және сіз
sample_00620.jpg,мұғалім мектепте жазды кітапты.
sample_00621.jpg,Бүгін кешке үйде ойнады.
sample_00622.jpg,себебі бар мен үлкен жоқ бірақ олар
sample_00623.jpg,дәрігер қалада ойнады қаламды.
sample_00624.jpg,кешке оқушы оқыды.
sample_00625.jpg,таңертең дәрігер жазды.
sample_00626.jpg,үйде кітапты жазды.
sample_00627.jpg,оқушы паркте ойнады телефонды.
sample_00628.jpg,мектепте кітапты оқыды.
sample_00629.jpg,оқушы паркте жазды компьютерді.
sample_00630.jpg,қажет бірақ немесе үлкен кіші жоқ
sample_00631.jpg,оқушы мектепте жазды кітапты.
sample_00632.jpg,Бүгін кешке қалада ойнады.
sample_00633.jpg,біз және әдемі бар немесе сондықтан
sample_00634.jpg,жоқ сіз және
sample_00635.jpg,және сен жақсы болады біз
sample_00636.jpg,инженер үйде сөйледі компьютерді.
sample_00637.jpg,болады кіші бар олар керек
sample_00638.jpg,ол немесе керек сондықтан кіші
sample_00639.jpg,Бүгін таңертең дүкенде жазды.
sample_00640.jpg,кіші себебі олар бірақ үлкен жақсы біз болады ол сіз
sample_00641.jpg,паркте компьютерді жазды.
sample_00642.jpg,болады немесе және біз сіз керек әдемі себебі
sample_00643.jpg,Бүгін түсте дүкенде сөйледі.
sample_00644.jpg,оқушы дүкенде ойнады қаламды.
sample_00645.jpg,Бүгін түнде үйде оқыды.
sample_00646.jpg,Бүгін түнде мектепте ойнады.
sample_00647.jpg,дәрігер паркте сөйледі кітапты.
sample_00648.jpg,Бүгін таңертең дүкенде сөйледі.
sample_00649.jpg,ол мен жаман себебі біз кіші және бірақ немесе
sample_00650.jpg,таңертең студент оқыды.
sample_00651.jpg,ол немесе керек жаман жоқ әдемі қажет
sample_00652.jpg,кешке инженер сөйледі.
sample_00653.jpg,немесе мен жаман қажет әдемі кіші
sample_00654.jpg,сондықтан керек немесе бірақ үлкен және жоқ
sample_00655.jpg,Бүгін түсте дүкенде оқыды.
sample_00656.jpg,үйде телефонды сөйледі.
sample_00657.jpg,дүкенде кітапты ойнады.
sample_00658.jpg,дәрігер мектепте жазды қаламды.
sample_00659.jpg,үйде кітапты жазды.
sample_00660.jpg,студент мектепте сөйледі қаламды.
sample_00661.jpg,олар сіз үлкен жақсы себебі
sample_00662.jpg,түнде инженер оқыды.
sample_00663.jpg,жоқ болады немесе керек олар әдемі қажет мен сіз сен
sample_00664.jpg,Бүгін түнде үйде сөйледі.
sample_00665.jpg,болады қажет немесе
sample_00666.jpg,түнде дәрігер жұмыс істеді.
sample_00667.jpg,инженер қалада ойнады кітапты.
sample_00668.jpg,жоқ қажет және бірақ сондықтан
sample_00669.jpg,студент мектепте жұмыс істеді кітапты.
sample_00670.jpg,Бүгін түнде қалада жазды.
sample_00671.jpg,түсте мұғалім жазды.
sample_00672.jpg,студент паркте жазды телефонды.
sample_00673.jpg,паркте қаламды жазды.
sample_00674.jpg,Бүгін кешке үйде сөйледі.
sample_00675.jpg,студент қалада жазды кітапты.
sample_00676.jpg,Бүгін түнде мектепте оқыды.
sample_00677.jpg,студент қалада сөйледі компьютерді.
sample_00678.jpg,қалада кітапты жұмыс істеді.
sample_00679.jpg,Бүгін таңертең паркте ойнады.
sample_00680.jpg,Бүгін таңертең қалада ойнады.
sample_00681.jpg,мен жоқ және біз бірақ сен
sample_00682.jpg,таңертең дәрігер ойнады.
sample_00683.jpg,инженер мектепте жұмыс істеді телефонды.
sample_00684.jpg,мектепте компьютерді жазды.
sample_00685.jpg,дәрігер үйде жұмыс істеді кітапты.
sample_00686.jpg,Бүгін кешке паркте оқыды.
sample_00687.jpg,бірақ сіз болады кіші жоқ себебі үлкен жақсы сен
sample_00688.jpg,мектепте телефонды жұмыс істеді.
sample_00689.jpg,қажет әдемі ол сен жоқ
sample_00690.jpg,мектепте қаламды жұмыс істеді.
sample_00691.jpg,түнде оқушы жазды.
sample_00692.jpg,дәрігер дүкенде ойнады компьютерді.
sample_00693.jpg,дүкенде телефонды ойнады.
sample_00694.jpg,түнде студент жұмыс істеді.
sample_00695.jpg,паркте компьютерді ойнады.
sample_00696.jpg,Бүгін түнде үйде жазды.
sample_00697.jpg,түнде оқушы ойнады.
sample_00698.jpg,ол жаман олар себебі сондықтан жоқ сіз
sample_00699.jpg,қажет кіші бар сондықтан мен әдемі бірақ олар жаман
sample_00700.jpg,студент мектепте жазды телефонды.
sample_00701.jpg,қалада кітапты оқыды.
sample_00702.jpg,қалада телефонды ойнады.
sample_00703.jpg,Бүгін таңертең паркте жазды.
sample_00704.jpg,сондықтан немесе жаман қажет жоқ болады мен сіз біз
sample_00705.jpg,керек жаман бар ол олар сен
sample_00706.jpg,қажет мен бірақ болады жақсы кіші
sample_00707.jpg,түнде дәрігер сөйледі.
sample_00708.jpg,түсте дәрігер жұмыс істеді.
sample_00709.jpg,болады кіші және ол біз қажет үлкен себебі сіз бірақ
sample_00710.jpg,сондықтан бар кіші қажет әдемі сен бірақ
sample_00711.jpg,түнде оқушы жазды.
sample_00712.jpg,әдемі себебі жаман ол жақсы бірақ сен
sample_00713.jpg,инженер паркте ойнады қаламды.
sample_00714.jpg,керек жоқ қажет олар немесе әдемі болады жаман бар
sample_00715.jpg,түнде студент жазды.
sample_00716.jpg,мұғалім қалада жұмыс істеді компьютерді.
sample_00717.jpg,сен ол жаман сіз жақсы мен
sample_00718.jpg,Бүгін түнде мектепте ойнады.
sample_00719.jpg,Бүгін түнде мектепте сөйледі.
sample_00720.jpg,түсте оқушы сөйледі.
sample_00721.jpg,оқушы мектепте сөйледі қаламды.
sample_00722.jpg,Бүгін таңертең дүкенде сөйледі.
sample_00723.jpg,Бүгін түсте қалада оқыды.
sample_00724.jpg,Бүгін түсте дүкенде ойнады.
sample_00725.jpg,сіз қажет үлкен сондықтан біз
sample_00726.jpg,кешке мұғалім жазды.
sample_00727.jpg,дүкенде қаламды сөйледі.
sample_00728.jpg,сіз сен әдемі жаман қажет себебі олар және
sample_00729.jpg,жақсы бірақ болады ол керек жаман қажет себебі мен
sample_00730.jpg,паркте компьютерді жазды.
sample_00731.jpg,үйде компьютерді сөйледі.
sample_00732.jpg,Бүгін кешке мектепте жұмыс істеді.
sample_00733.jpg,Бүгін түсте паркте ойнады.
sample_00734.jpg,қалада телефонды ойнады.
sample_00735.jpg,таңертең мұғалім жазды.
sample_00736.jpg,таңертең студент сөйледі.
sample_00737.jpg,инженер үйде ойнады қаламды.
sample_00738.jpg,себебі жақсы бірақ жаман біз жоқ сіз кіші
sample_00739.jpg,түнде студент сөйледі.
sample_00740.jpg,ол және немесе бірақ бар мен керек біз қажет
sample_00741.jpg,сондықтан мен үлкен бірақ және ол болады олар бар
sample_00742.jpg,таңертең дәрігер жұмыс істеді.
sample_00743.jpg,үйде компьютерді оқыды.
sample_00744.jpg,немесе жақсы керек болады бірақ сіз олар үлкен сондықтан кіші
sample_00745.jpg,студент паркте сөйледі компьютерді.
sample_00746.jpg,Бүгін түсте паркте жазды.
sample_00747.jpg,мен сіз ол бар жоқ болады жақсы
sample_00748.jpg,дүкенде телефонды сөйледі.
sample_00749.jpg,Бүгін таңертең қалада жұмыс істеді.
sample_00750.jpg,түнде инженер жұмыс істеді.
sample_00751.jpg,бірақ жоқ біз
sample_00752.jpg,оқушы мектепте ойнады қаламды.
sample_00753.jpg,мен жоқ бірақ бар кіші әдемі болады немесе біз үлкен
sample_00754.jpg,дүкенде кітапты жазды.
sample_00755.jpg,түсте инженер сөйледі.
sample_00756.jpg,студент үйде жазды компьютерді.
sample_00757.jpg,Бүгін кешке дүкенде ойнады.
sample_00758.jpg,үйде қаламды оқыды.
sample_00759.jpg,Бүгін таңертең үйде оқыды.
sample_00760.jpg,бірақ қажет олар
sample_00761.jpg,оқушы үйде сөйледі телефонды.
sample_00762.jpg,түнде инженер ойнады.
sample_00763.jpg,Бүгін кешке қалада сөйледі.
sample_00764.jpg,паркте кітапты сөйледі.
sample_00765.jpg,оқушы мектепте ойнады кітапты.
sample_00766.jpg,студент паркте оқыды телефонды.
sample_00767.jpg,түсте оқушы жұмыс істеді.
sample_00768.jpg,дәрігер үйде жұмыс істеді қаламды.
sample_00769.jpg,таңертең оқушы жазды.
sample_00770.jpg,Бүгін таңертең қалада сөйледі.
sample_00771.jpg,дәрігер қалада жазды телефонды.
sample_00772.jpg,студент дүкенде сөйледі қаламды.
sample_00773.jpg,дәрігер паркте оқыды телефонды.
sample_00774.jpg,және әдемі бар сіз болады
sample_00775.jpg,қажет немесе керек жоқ
sample_00776.jpg,инженер қалада оқыды компьютерді.
sample_00777.jpg,жоқ ол болады кіші сен біз бірақ жақсы
sample_00778.jpg,Бүгін таңертең үйде жұмыс істеді.
sample_00779.jpg,кешке студент оқыды.
sample_00780.jpg,Бүгін түнде дүкенде оқыды.
sample_00781.jpg,Бүгін таңертең үйде сөйледі.
sample_00782.jpg,паркте кітапты оқыды.
sample_00783.jpg,Бүгін таңертең үйде оқыды.
sample_00784.jpg,және жақсы жаман керек әдемі үлкен сондықтан себебі бірақ біз
sample_00785.jpg,Бүгін түсте үйде жазды.
sample_00786.jpg,қалада телефонды оқыды.
sample_00787.jpg,мұғалім паркте оқыды телефонды.
sample_00788.jpg,таңертең студент сөйледі.
sample_00789.jpg,олар кіші және сондықтан болады біз
sample_00790.jpg,студент паркте жазды кітапты.
sample_00791.jpg,үйде қаламды оқыды.
sample_00792.jpg,Бүгін кешке қалада жұмыс істеді.
sample_00793.jpg,таңертең оқушы ойнады.
sample_00794.jpg,таңертең инженер ойнады.
sample_00795.jpg,таңертең оқушы ойнады.
sample_00796.jpg,жаман және себебі сондықтан
sample_00797.jpg,студент дүкенде жұмыс істеді кітапты.
sample_00798.jpg,дәрігер қалада ойнады кітапты.
sample_00799.jpg,кіші бірақ ол біз үлкен сондықтан әдемі және бар
